math_score,reading_score,writing_score,attendance_rate,study_hours
1.0,-0.03899382132864513,0.005270858587093413,-0.06051999391538934,0.021365734666303163
-0.03899382132864513,1.0,-0.007855910066537547,-0.01781733195807056,-0.0015524627221097744
0.005270858587093413,-0.007855910066537547,1.0,0.04018372790161222,0.034220014894321346
-0.06051999391538934,-0.01781733195807056,0.04018372790161222,1.0,-0.03665036480580108
0.021365734666303163,-0.0015524627221097744,0.034220014894321346,-0.03665036480580108,1.0
