age,grade_level,math_score,reading_score,writing_score,attendance_rate,study_hours
1000.0,1000.0,1000.0,1000.0,1000.0,1000.0,1000.0
15.999,10.473,75.165,74.293,75.15,89.87917930741,2.978380122611
0.8171087238958269,1.1360288559546194,14.304348618143694,14.312651850827748,14.395093564083519,5.725006708107481,1.1677801650691402
15.0,9.0,50.0,50.0,50.0,80.00061438,1.0156735
15.0,9.0,63.0,62.0,63.0,84.9717723725,1.9552872525
16.0,10.0,75.0,74.0,75.0,89.98088935499999,2.9626645045
17.0,12.0,88.0,86.0,88.0,94.6297777125,3.9943600737500002
17.0,12.0,99.0,99.0,99.0,99.95498778,4.997842724
