math_score,reading_score,writing_score,attendance_rate,study_hours
74.420245398773,74.40490797546012,75.12883435582822,90.12554922809817,2.9576857534938648
76.7718309859155,75.01408450704226,74.26760563380282,89.62948534777465,2.9571702884957745
74.13793103448276,73.37617554858934,76.15360501567397,89.90527573852665,3.0231320205517243
