math_score,reading_score,writing_score,attendance_rate,study_hours
75.62773722627738,74.32846715328468,75.21897810218978,89.83324228850366,2.9573918051970804
75.40408163265306,73.4530612244898,76.46122448979592,90.24451113787755,2.9618855044530616
73.24229074889868,73.65198237885463,75.0704845814978,89.64386124762115,2.9259705052026432
76.15354330708661,75.63779527559055,73.88188976377953,89.78665034791338,3.063769742972441
