math_score,reading_score,writing_score,attendance_rate,study_hours
74.86746987951807,74.60843373493977,74.40160642570281,90.28020243118475,2.9656292937269075
75.4601593625498,73.9800796812749,75.89243027888446,89.48135158701196,2.99102935126494
