math_score,reading_score
75.62773722627738,74.32846715328468
75.40408163265306,73.4530612244898
73.24229074889868,73.65198237885463
76.15354330708661,75.63779527559055
